City_ID,City,Country,Date,Lat,Lng,Max Temp,Humidity,Cloudiness,Wind Speed
0,Bredasdorp,ZA,2021-08-04 03:05:58,-34.5322,20.0403,50.29,95,36,2.59
1,Punta Arenas,CL,2021-08-04 03:02:35,-53.15,-70.9167,42.12,70,100,14.56
2,Sistranda,NO,2021-08-04 03:05:59,63.7256,8.834,51.91,70,81,4.63
3,Qaanaaq,GL,2021-08-04 03:05:59,77.484,-69.3632,42.4,95,100,1.79
4,Monmouth,US,2021-08-04 03:05:59,40.3001,-74.1663,73.18,80,1,0.0
5,Moron,AR,2021-08-04 03:05:59,-34.6534,-58.6198,53.98,95,31,2.82
6,Hithadhoo,MV,2021-08-04 03:05:36,-0.6,73.0833,81.82,75,100,7.9
7,Hilo,US,2021-08-04 03:03:29,19.7297,-155.09,76.73,84,90,0.0
8,Ushuaia,AR,2021-08-04 03:05:55,-54.8,-68.3,40.66,70,75,5.75
9,Bengkulu,ID,2021-08-04 03:06:00,-3.8004,102.2655,81.95,74,100,5.32
10,Zyryanka,RU,2021-08-04 03:06:00,65.75,150.85,47.62,56,100,25.17
11,Mersing,MY,2021-08-04 03:06:01,2.4312,103.8405,87.49,58,90,6.82
12,Tiksi,RU,2021-08-04 03:06:01,71.6872,128.8694,45.07,72,76,10.36
13,Rikitea,PF,2021-08-04 03:06:01,-23.1203,-134.9692,70.16,62,64,14.14
14,Krasnyy Yar,RU,2021-08-04 03:06:02,46.5331,48.3456,67.93,32,9,3.06
15,Thompson,CA,2021-08-04 03:05:25,55.7435,-97.8558,75.97,41,100,7.18
16,Narsaq,GL,2021-08-04 03:03:12,60.9167,-46.05,44.82,97,100,3.42
17,Butaritari,KI,2021-08-04 03:06:02,3.0707,172.7902,83.44,69,78,12.62
18,Bluff,NZ,2021-08-04 03:06:02,-46.6,168.3333,46.8,62,100,4.45
19,Hermanus,ZA,2021-08-04 03:06:03,-34.4187,19.2345,50.9,88,34,5.3
20,Mount Darwin,ZW,2021-08-04 03:06:03,-16.7725,31.5838,44.64,88,0,3.49
21,Praya,CV,2021-08-04 03:06:03,14.9215,-23.5087,77.54,94,75,4.61
22,Davila,PH,2021-08-04 03:06:04,18.4726,120.5763,83.1,87,100,31.0
23,Vestmanna,FO,2021-08-04 03:06:04,62.1564,-7.1664,49.12,100,90,9.22
24,Ajdabiya,LY,2021-08-04 03:06:04,30.7554,20.2263,86.02,27,0,8.14
25,Chokurdakh,RU,2021-08-04 03:06:05,70.6333,147.9167,57.47,31,29,13.29
26,Busselton,AU,2021-08-04 03:06:05,-33.65,115.3333,57.04,66,61,1.74
27,Barrow,US,2021-08-04 03:01:16,71.2906,-156.7887,50.02,65,20,16.11
28,Saldanha,ZA,2021-08-04 03:06:05,-33.0117,17.9442,55.0,87,39,7.11
29,Torbay,CA,2021-08-04 03:06:06,47.6666,-52.7314,61.68,85,67,5.01
30,Aden,YE,2021-08-04 03:06:06,12.7794,45.0367,84.2,77,17,16.75
31,Moussoro,TD,2021-08-04 03:06:06,13.6408,16.4901,80.74,71,98,10.69
32,Elban,RU,2021-08-04 03:06:07,50.1018,136.5094,60.12,94,100,7.65
33,Kavieng,PG,2021-08-04 03:06:07,-2.5744,150.7967,84.0,71,19,2.8
34,Saskylakh,RU,2021-08-04 03:04:32,71.9167,114.0833,67.59,32,42,13.0
35,Namibe,AO,2021-08-04 03:06:08,-15.1961,12.1522,65.68,69,0,8.57
36,Talnakh,RU,2021-08-04 03:06:08,69.4865,88.3972,74.61,46,0,10.27
37,Aripuana,BR,2021-08-04 03:05:10,-9.1667,-60.6333,73.78,46,0,2.68
38,Jamestown,US,2021-08-04 03:06:08,42.097,-79.2353,64.04,76,1,2.51
39,Albany,US,2021-08-04 03:05:57,42.6001,-73.9662,63.55,85,100,2.62
40,Naron,ES,2021-08-04 03:06:09,43.5167,-8.1528,68.04,98,94,6.78
41,Kapaa,US,2021-08-04 03:06:09,22.0752,-159.319,84.18,77,75,5.01
42,Kunashak,RU,2021-08-04 03:06:09,55.7032,61.5498,70.32,66,43,3.89
43,East London,ZA,2021-08-04 03:06:10,-33.0153,27.9116,67.32,25,0,10.09
44,Luderitz,NA,2021-08-04 03:06:10,-26.6481,15.1594,54.91,93,40,5.44
45,Baruun-Urt,MN,2021-08-04 03:06:10,46.6806,113.2792,67.51,62,98,10.78
46,Nikolskoye,RU,2021-08-04 03:06:10,59.7035,30.7861,53.02,94,13,5.41
47,Sao Filipe,CV,2021-08-04 03:06:11,14.8961,-24.4956,76.17,92,100,7.38
48,Avarua,CK,2021-08-04 03:06:11,-21.2078,-159.775,77.05,69,1,10.36
49,Khash,IR,2021-08-04 03:06:11,28.2211,61.2158,82.09,10,0,2.86
50,Cabo San Lucas,MX,2021-08-04 03:06:12,22.8909,-109.9124,86.61,77,73,7.0
51,Georgetown,MY,2021-08-04 03:01:31,5.4112,100.3354,87.89,77,20,2.3
52,Zeya,RU,2021-08-04 03:06:12,53.75,127.2667,73.0,56,100,3.56
53,Caluquembe,AO,2021-08-04 03:06:13,-13.7833,14.6833,54.0,30,0,2.93
54,Savannah Bight,HN,2021-08-04 03:06:13,16.45,-85.85,82.0,82,92,23.73
55,Avera,US,2021-08-04 03:05:17,33.194,-82.5271,75.07,78,35,5.64
56,Ipixuna,BR,2021-08-04 03:06:13,-1.7625,-48.8043,78.75,76,78,3.02
57,Cherskiy,RU,2021-08-04 03:06:14,68.75,161.3,41.94,86,100,8.05
58,Hasaki,JP,2021-08-04 03:05:12,35.7333,140.8333,99.28,71,47,8.75
59,Sept-Iles,CA,2021-08-04 03:06:14,50.2001,-66.3821,58.05,66,15,5.99
60,Pangody,RU,2021-08-04 03:06:14,65.85,74.4859,60.46,78,100,7.07
61,Iralaya,HN,2021-08-04 03:06:15,15.0,-83.2333,80.71,80,100,11.18
62,Azul,AR,2021-08-04 03:06:15,-36.777,-59.8585,45.39,76,0,2.55
63,Upernavik,GL,2021-08-04 03:06:15,72.7868,-56.1549,40.62,89,19,10.38
64,Cordoba,AR,2021-08-04 03:01:27,-31.4135,-64.1811,54.75,50,66,5.68
65,Saint George,US,2021-08-04 03:05:20,37.1041,-113.5841,99.25,14,1,4.0
66,Whitecourt,CA,2021-08-04 03:01:50,54.1502,-115.6855,69.51,60,13,4.99
67,Svetlogorsk,BY,2021-08-04 03:06:16,52.6333,29.7333,53.58,87,9,3.13
68,Hobart,AU,2021-08-04 03:03:38,-42.8794,147.3294,57.06,53,40,4.0
69,Kaitangata,NZ,2021-08-04 03:04:56,-46.2817,169.8464,50.94,57,87,8.81
70,Batagay-Alyta,RU,2021-08-04 03:06:16,67.8006,130.4114,71.35,28,4,13.85
71,Olinda,BR,2021-08-04 03:03:16,-8.0089,-34.8553,71.33,94,90,8.05
72,Olavarria,AR,2021-08-04 03:06:17,-36.8927,-60.3225,45.72,75,0,3.78
73,Bambous Virieux,MU,2021-08-04 03:06:17,-20.3428,57.7575,65.21,73,10,11.23
74,Coquimbo,CL,2021-08-04 03:06:17,-29.9533,-71.3436,53.33,87,90,0.0
75,Port Elizabeth,ZA,2021-08-04 03:06:18,-33.918,25.5701,51.1,84,0,11.18
76,Cape Town,ZA,2021-08-04 03:06:18,-33.9258,18.4232,57.11,85,52,1.99
77,Khatanga,RU,2021-08-04 03:06:18,71.9667,102.5,76.08,44,100,12.66
78,Arman,RU,2021-08-04 03:06:19,59.7,150.1667,62.11,43,24,4.43
79,Vaini,TO,2021-08-04 03:04:18,-21.2,-175.2,73.56,78,40,12.66
80,Sur,OM,2021-08-04 03:06:19,22.5667,59.5289,87.39,65,26,4.92
81,Ancud,CL,2021-08-04 03:06:13,-41.8697,-73.8203,39.42,70,60,6.11
82,Bor,RU,2021-08-04 03:06:19,56.3567,44.0669,62.53,96,95,5.26
83,Atuona,PF,2021-08-04 03:02:02,-9.8,-139.0333,77.58,73,69,15.5
84,Sechura,PE,2021-08-04 03:06:20,-5.5569,-80.8222,65.68,80,66,11.95
85,Lebu,CL,2021-08-04 03:06:20,-37.6167,-73.65,50.49,90,6,5.53
86,Broome,US,2021-08-04 03:06:20,42.2506,-75.833,62.47,91,24,1.36
87,Port Alfred,ZA,2021-08-04 03:06:21,-33.5906,26.891,61.93,45,0,12.08
88,Praia Da Vitoria,PT,2021-08-04 03:06:21,38.7333,-27.0667,70.75,88,13,7.34
89,Kirakira,SB,2021-08-04 03:06:21,-10.4544,161.9205,80.53,73,51,8.9
90,Boa Vista,BR,2021-08-04 03:06:22,2.8197,-60.6733,76.98,83,90,4.61
91,Saint-Philippe,RE,2021-08-04 03:06:22,-21.3585,55.7679,65.79,86,97,18.16
92,Norman Wells,CA,2021-08-04 03:04:54,65.282,-126.8329,55.27,76,100,2.33
93,Belmonte,BR,2021-08-04 03:06:22,-15.8631,-38.8828,66.7,81,28,8.43
94,Ballina,AU,2021-08-04 03:06:22,-28.8667,153.5667,68.18,30,0,8.03
95,Fuxin,CN,2021-08-04 03:05:24,42.0156,121.6589,73.15,90,100,6.49
96,Te Anau,NZ,2021-08-04 03:06:23,-45.4167,167.7167,45.48,68,100,0.2
97,Banjar,ID,2021-08-04 03:06:23,-8.19,114.9675,82.26,64,27,2.19
98,West Chicago,US,2021-08-04 03:02:03,41.8847,-88.204,71.69,67,1,0.0
99,San Cristobal,VE,2021-08-04 03:06:24,7.7669,-72.225,63.79,98,95,4.54
100,Kruisfontein,ZA,2021-08-04 03:06:24,-34.0033,24.7314,48.88,84,1,7.11
101,Ayan,RU,2021-08-04 03:06:24,56.45,138.1667,56.39,73,100,3.47
102,Tual,ID,2021-08-04 03:06:06,-5.6667,132.75,80.76,73,97,18.59
103,Olafsvik,IS,2021-08-04 03:06:25,64.8945,-23.7142,53.37,91,95,8.32
104,Dikson,RU,2021-08-04 03:06:25,73.5069,80.5464,45.54,87,100,9.57
105,Sisimiut,GL,2021-08-04 03:06:26,66.9395,-53.6735,47.66,89,54,4.38
106,Tevaitoa,PF,2021-08-04 03:06:26,-16.7833,-151.5,79.09,73,14,8.77
107,Kyra,RU,2021-08-04 03:06:26,49.5776,111.9753,61.0,88,100,2.73
108,Mantua,IT,2021-08-04 03:06:26,45.1667,10.7833,71.1,83,100,0.98
109,Alofi,NU,2021-08-04 03:06:27,-19.0595,-169.9187,76.89,57,75,9.22
110,Hofn,IS,2021-08-04 03:06:27,64.2539,-15.2082,53.73,83,100,2.53
111,Severo-Kurilsk,RU,2021-08-04 03:06:27,50.6789,156.125,54.07,69,100,18.54
112,Bethel,US,2021-08-04 03:06:28,41.3712,-73.414,66.81,84,1,0.0
113,Kodinsk,RU,2021-08-04 03:06:28,58.6881,99.1844,77.16,50,9,2.48
114,Batagay,RU,2021-08-04 03:06:28,67.6333,134.6333,70.32,30,4,5.44
115,Pisco,PE,2021-08-04 03:06:29,-13.7,-76.2167,62.65,82,90,3.44
116,Sembakung,ID,2021-08-04 03:06:29,3.8167,117.25,84.13,57,100,1.48
117,Ostrovnoy,RU,2021-08-04 03:04:36,68.0531,39.5131,55.74,86,51,16.69
118,Aksu,CN,2021-08-04 03:06:30,41.1231,80.2644,81.84,27,100,2.08
119,Port Lincoln,AU,2021-08-04 03:05:52,-34.7333,135.8667,58.89,64,16,16.08
120,Rajauri,IN,2021-08-04 03:06:30,33.3833,74.3,73.6,87,62,4.59
121,Leningradskiy,RU,2021-08-04 03:06:30,69.3833,178.4167,40.08,100,100,3.53
122,Krasnyy Chikoy,RU,2021-08-04 03:06:31,50.3643,108.7512,65.57,71,100,8.88
123,Oranjestad,AW,2021-08-04 03:06:31,12.524,-70.027,82.35,78,20,18.41
124,Bukit Rambai,MY,2021-08-04 03:06:31,2.2594,102.1838,76.89,90,99,5.55
125,Puerto Ayora,EC,2021-08-04 03:06:32,-0.7393,-90.3518,69.06,83,35,6.8
126,Aqtobe,KZ,2021-08-04 03:06:32,50.2797,57.2072,71.69,56,0,4.47
127,Nhulunbuy,AU,2021-08-04 03:06:32,-12.2333,136.7667,81.21,65,40,21.85
128,Umea,SE,2021-08-04 03:06:33,63.8284,20.2597,49.91,87,0,6.91
129,Port Hardy,CA,2021-08-04 03:02:25,50.6996,-127.4199,65.03,83,86,8.77
130,Assiniboia,CA,2021-08-04 03:05:17,49.6334,-105.9845,72.72,57,100,9.78
131,Valparaiso,CL,2021-08-04 03:06:33,-33.0393,-71.6273,50.92,87,40,4.61
132,Barra Patuca,HN,2021-08-04 03:06:33,15.8,-84.2833,79.95,82,100,10.13
133,Kaya,BF,2021-08-04 03:06:34,13.0917,-1.0844,79.66,69,24,8.93
134,Quatre Cocos,MU,2021-08-04 03:06:34,-20.2078,57.7625,65.08,73,12,10.76
135,Poum,NC,2021-08-04 03:06:35,-20.2333,164.0167,73.2,63,1,13.35
136,Mataura,NZ,2021-08-04 03:06:35,-46.1927,168.8643,46.47,65,100,4.25
137,Jackson,US,2021-08-04 03:06:32,42.4165,-122.8345,90.55,31,40,5.75
138,Victoria,HK,2021-08-04 03:02:25,22.2855,114.1577,89.58,77,80,3.0
139,Ponta Do Sol,PT,2021-08-04 03:06:36,32.6667,-17.1,71.01,79,12,5.26
140,Cockburn Town,TC,2021-08-04 03:06:36,21.4612,-71.1419,82.13,77,48,21.61
141,Miraflores,MX,2021-08-04 03:06:36,19.2167,-98.8083,59.04,96,100,4.7
142,Havre-Saint-Pierre,CA,2021-08-04 03:06:37,50.2334,-63.5986,55.18,65,0,14.72
143,Yerbogachen,RU,2021-08-04 03:06:37,61.2767,108.0108,75.97,45,70,8.95
144,Mackay,AU,2021-08-04 03:06:37,-21.15,149.2,79.68,54,51,16.31
145,Quelimane,MZ,2021-08-04 03:06:37,-17.8786,36.8883,60.75,94,40,4.61
146,Faanui,PF,2021-08-04 03:04:35,-16.4833,-151.75,79.39,73,9,8.46
147,Coruripe,BR,2021-08-04 03:04:05,-10.1256,-36.1756,71.22,86,76,8.43
148,Oga,IT,2021-08-04 03:06:38,46.4631,10.347,49.69,93,100,3.4
149,Caboolture,AU,2021-08-04 03:06:38,-27.0833,152.95,70.36,41,0,12.33
150,Souillac,MU,2021-08-04 03:04:40,-20.5167,57.5167,65.35,76,20,10.25
151,Laguna,US,2021-08-04 03:06:39,38.421,-121.4238,97.3,19,1,6.91
152,Agua Verde,MX,2021-08-04 03:06:39,22.9,-106.05,85.12,82,100,5.35
153,Marsa Matruh,EG,2021-08-04 03:06:39,31.3525,27.2453,78.98,85,0,9.44
154,Dno,RU,2021-08-04 03:06:40,57.8277,29.9637,48.81,93,15,4.27
155,Caraballeda,VE,2021-08-04 03:06:40,10.6112,-66.8522,77.07,83,0,0.0
156,San Policarpo,PH,2021-08-04 03:06:40,12.1791,125.5072,90.48,56,100,9.1
157,Wilson,US,2021-08-04 03:06:41,36.1501,-86.2833,74.46,74,1,3.44
158,Areia Branca,BR,2021-08-04 03:06:41,-4.9561,-37.1369,75.72,72,91,11.5
159,Castro,BR,2021-08-04 03:06:41,-24.7911,-50.0119,43.18,94,36,4.72
160,Brooks,CA,2021-08-04 03:06:42,50.5834,-111.8851,69.8,56,45,10.2
161,Adrar,MR,2021-08-04 03:06:42,20.5022,-10.0711,87.04,41,5,10.49
162,Pemangkat,ID,2021-08-04 03:05:04,1.1667,108.9667,85.32,70,51,3.85
163,Billings,US,2021-08-04 03:06:43,45.7833,-108.5007,73.17,69,40,6.91
164,San Patricio,US,2021-08-04 03:06:43,28.017,-97.5169,84.83,75,83,4.32
165,Geraldton,AU,2021-08-04 03:06:43,-28.7667,114.6,57.61,67,0,16.11
166,Lompoc,US,2021-08-04 03:04:36,34.6391,-120.4579,68.11,84,90,8.05
167,Mar Del Plata,AR,2021-08-04 03:06:44,-38.0023,-57.5575,54.12,54,75,1.99
168,Baykit,RU,2021-08-04 03:06:44,61.67,96.37,76.1,52,92,4.43
169,Suntar,RU,2021-08-04 03:06:44,62.1444,117.6319,64.17,90,100,5.17
170,Lagoa,PT,2021-08-04 03:03:08,39.05,-27.9833,71.11,91,5,8.61
171,Zoniana,GR,2021-08-04 03:06:45,35.295,24.8294,83.66,32,0,5.64
172,Praia,CV,2021-08-04 03:06:08,14.9215,-23.5087,77.54,94,75,4.61
173,Faya,SA,2021-08-04 03:06:45,18.3851,42.4509,61.32,73,11,5.48
174,Codrington,AU,2021-08-04 03:06:45,-38.2667,141.9667,55.36,86,88,18.52
175,Yellowknife,CA,2021-08-04 03:04:00,62.456,-114.3525,62.56,42,98,3.0
176,Atar,MR,2021-08-04 03:06:46,20.5169,-13.0499,87.26,47,100,8.14
177,Najran,SA,2021-08-04 03:06:46,17.4924,44.1277,78.76,51,65,5.53
178,Coihaique,CL,2021-08-04 03:06:46,-45.5752,-72.0662,37.35,81,0,6.91
179,Vestmannaeyjar,IS,2021-08-04 03:06:47,63.4427,-20.2734,53.98,92,100,7.76
180,Ust-Kuyga,RU,2021-08-04 03:06:47,70.0167,135.6,68.68,25,88,10.74
181,Meulaboh,ID,2021-08-04 03:05:21,4.1363,96.1285,81.55,75,98,3.83
182,Gazojak,TM,2021-08-04 03:06:47,41.1875,61.4036,90.54,18,3,10.71
183,Lagos,NG,2021-08-04 03:03:54,6.5833,3.75,74.86,94,98,3.62
184,Kodiak,US,2021-08-04 03:06:48,57.79,-152.4072,56.71,82,90,8.05
185,Mount Isa,AU,2021-08-04 03:06:48,-20.7333,139.5,65.97,24,22,17.27
186,Ulverstone,AU,2021-08-04 03:06:48,-41.15,146.1667,55.29,66,73,13.29
187,Andenes,NO,2021-08-04 03:06:49,69.3143,16.1194,49.06,93,90,4.61
188,Erzin,TR,2021-08-04 03:06:49,36.9559,36.2,79.52,76,0,0.98
189,Isangel,VU,2021-08-04 03:06:10,-19.55,169.2667,75.27,55,61,6.33
190,Mecca,SA,2021-08-04 03:04:43,21.4267,39.8261,85.05,48,64,1.97
191,Mahebourg,MU,2021-08-04 03:06:50,-20.4081,57.7,65.25,73,10,11.3
192,Sao Raimundo Das Mangabeiras,BR,2021-08-04 03:06:50,-7.0219,-45.4811,72.75,40,69,1.79
193,Bathsheba,BB,2021-08-04 03:06:50,13.2167,-59.5167,81.21,78,40,11.5
194,Tarpon Springs,US,2021-08-04 03:06:51,28.1461,-82.7568,78.94,90,90,5.01
195,Boyolangu,ID,2021-08-04 03:06:25,-8.1181,111.8935,81.81,74,61,9.31
196,Filingue,NE,2021-08-04 03:06:51,14.3521,3.3168,85.46,59,27,14.07
197,Carnarvon,AU,2021-08-04 03:04:22,-24.8667,113.6333,67.84,33,0,20.11
198,Balsta,SE,2021-08-04 03:06:51,59.5671,17.5278,51.08,55,95,3.27
199,Darhan,MN,2021-08-04 03:06:52,49.4867,105.9228,67.51,61,91,4.47
200,Bokoro,TD,2021-08-04 03:06:52,12.3807,17.0568,75.36,85,100,7.36
201,Rocha,UY,2021-08-04 03:06:52,-34.4833,-54.3333,46.02,92,11,2.04
202,Erenhot,CN,2021-08-04 03:06:53,43.6475,111.9767,72.99,44,0,21.77
203,Skjervoy,NO,2021-08-04 03:06:53,70.0311,20.9714,49.28,82,100,8.39
204,Katsuura,JP,2021-08-04 03:06:53,35.1333,140.3,91.51,68,5,5.93
205,Chuy,UY,2021-08-04 03:06:54,-33.6971,-53.4616,47.64,93,13,2.51
206,Noshiro,JP,2021-08-04 03:06:54,40.2039,140.0242,86.45,63,76,4.25
207,Sinnar,SD,2021-08-04 03:06:21,13.5691,33.5672,77.59,71,90,7.85
208,Bam,IR,2021-08-04 03:06:54,29.106,58.357,89.29,19,75,13.0
209,Eregli,TR,2021-08-04 03:06:55,37.5133,34.0467,68.83,42,0,4.83
210,New Norfolk,AU,2021-08-04 03:06:55,-42.7826,147.0587,56.7,57,79,4.0
211,Port Blair,IN,2021-08-04 03:04:38,11.6667,92.75,82.44,83,75,10.36
212,Yar-Sale,RU,2021-08-04 03:06:55,66.8333,70.8333,65.61,65,80,11.18
213,Cidreira,BR,2021-08-04 03:06:56,-30.1811,-50.2056,57.76,89,100,1.95
214,Nanticoke,US,2021-08-04 03:06:56,41.2054,-76.0049,65.98,88,100,0.83
215,Arona,ES,2021-08-04 03:06:56,28.0996,-16.681,65.32,70,20,13.8
216,Tessalit,ML,2021-08-04 03:06:57,20.1986,1.0114,86.09,44,9,9.95
217,Sawakin,SD,2021-08-04 03:06:57,19.1059,37.3321,91.65,51,92,21.39
218,Tommot,RU,2021-08-04 03:06:57,58.9564,126.2925,73.78,74,93,0.87
219,Norton,ZW,2021-08-04 03:06:58,-17.8833,30.7,42.85,77,0,4.34
220,Maindargi,IN,2021-08-04 03:06:58,17.4667,76.3,78.31,72,85,18.99
221,Myanaung,MM,2021-08-04 03:06:58,18.2833,95.3167,75.78,93,100,1.54
222,Miramar,US,2021-08-04 03:05:38,25.9873,-80.2323,75.22,90,1,0.0
223,Seoul,KR,2021-08-04 03:05:55,37.5683,126.9778,93.61,46,0,6.96
224,Gunjur,GM,2021-08-04 03:06:59,13.2019,-16.7339,77.07,100,40,0.0
225,Nouakchott,MR,2021-08-04 03:06:59,18.0858,-15.9785,80.53,89,45,9.93
226,Oktyabrskiy,RU,2021-08-04 03:06:59,54.4815,53.471,78.64,42,41,2.77
227,Mbekenyera,TZ,2021-08-04 03:07:00,-10.0,38.9833,64.38,83,80,2.28
228,Manuk Mangkaw,PH,2021-08-04 03:07:00,4.8,119.85,84.67,76,65,14.88
229,Sebeta,ET,2021-08-04 03:07:01,8.9167,38.6167,50.04,88,74,1.3
230,Rawson,AR,2021-08-04 03:07:01,-43.3002,-65.1023,50.34,54,100,17.45
231,Hovd,MN,2021-08-04 03:07:01,48.0056,91.6419,73.27,31,1,2.21
232,Tuktoyaktuk,CA,2021-08-04 03:07:02,69.4541,-133.0374,46.76,68,10,11.92
233,Chabahar,IR,2021-08-04 03:07:02,25.2919,60.643,81.73,82,6,7.61
234,Price,US,2021-08-04 03:04:13,39.5994,-110.8107,79.86,24,1,17.27
235,Provideniya,RU,2021-08-04 03:07:03,64.3833,-173.3,51.91,82,90,8.95
236,Nome,US,2021-08-04 03:07:03,64.5011,-165.4064,75.11,56,1,0.0
237,Vangaindrano,MG,2021-08-04 03:03:09,-23.35,47.6,64.74,87,97,5.21
238,Pangnirtung,CA,2021-08-04 03:07:03,66.1451,-65.7125,49.82,78,88,3.2
239,Saint Anthony,US,2021-08-04 03:07:04,45.0205,-93.218,76.93,63,1,1.01
240,Sabang,ID,2021-08-04 03:07:04,5.8933,95.3214,83.21,72,100,21.61
241,Sembe,CG,2021-08-04 03:07:04,1.6481,14.5806,70.43,89,71,1.05
242,Buala,SB,2021-08-04 03:06:21,-8.145,159.5921,82.18,78,57,7.63
243,Ribeira Grande,PT,2021-08-04 03:05:06,38.5167,-28.7,72.01,88,2,4.79
244,Esperance,AU,2021-08-04 03:07:05,-33.8667,121.9,57.04,71,91,4.88
245,Tautira,PF,2021-08-04 03:07:05,-17.7333,-149.15,80.62,78,25,14.0
246,Arraial Do Cabo,BR,2021-08-04 03:05:38,-22.9661,-42.0278,67.6,74,43,11.95
247,Vila Franca Do Campo,PT,2021-08-04 03:07:05,37.7167,-25.4333,72.01,91,26,3.53
248,Komsomolskiy,UZ,2021-08-04 03:04:51,40.4272,71.7189,83.12,32,1,4.61
249,Sorland,NO,2021-08-04 03:05:29,67.667,12.6934,52.34,85,100,13.4
250,Aklavik,CA,2021-08-04 03:07:06,68.2191,-135.0107,62.29,36,0,5.23
251,Sayat,TM,2021-08-04 03:07:06,38.7839,63.8803,90.45,19,0,14.41
252,Kimbe,PG,2021-08-04 03:07:07,-5.5502,150.1429,88.12,59,9,6.31
253,Kemijarvi,FI,2021-08-04 03:07:08,66.7131,27.4306,43.43,87,100,17.54
254,Agadez,NE,2021-08-04 03:04:11,19.75,10.25,90.7,22,28,13.73
255,Aksarka,RU,2021-08-04 03:07:08,66.5606,67.7975,63.16,64,0,4.94
256,Molln,DE,2021-08-04 03:07:08,53.6333,10.6833,57.04,86,41,4.59
257,Aykhal,RU,2021-08-04 03:07:09,66.0,111.5,73.13,38,72,16.11
258,Puteyets,RU,2021-08-04 03:07:09,65.1716,57.091,65.93,70,66,8.46
259,Vardo,NO,2021-08-04 03:07:09,70.3705,31.1107,48.4,96,100,35.14
260,Darnah,LY,2021-08-04 03:07:10,32.767,22.6367,85.41,52,0,13.82
261,Rio Gallegos,AR,2021-08-04 03:04:23,-51.6226,-69.2181,42.03,62,100,13.87
262,Killarney,IE,2021-08-04 03:07:10,52.05,-9.5167,55.06,96,88,2.89
263,Antofagasta,CL,2021-08-04 03:02:34,-23.65,-70.4,57.69,71,23,0.72
264,Sinnamary,GF,2021-08-04 03:07:10,5.3833,-52.95,77.0,84,11,5.01
265,Jinchang,CN,2021-08-04 03:07:11,38.4953,102.1739,78.51,22,72,1.39
266,Alice Springs,AU,2021-08-04 03:07:11,-23.7,133.8833,60.35,33,0,14.97
267,Viedma,AR,2021-08-04 03:07:11,-40.8135,-62.9967,47.66,74,43,8.43
268,Koumac,NC,2021-08-04 03:07:12,-20.5667,164.2833,74.95,54,6,5.66
269,Okhotsk,RU,2021-08-04 03:07:12,59.3833,143.3,63.68,58,25,9.48
270,Barcelos,PT,2021-08-04 03:07:12,41.5388,-8.6151,67.28,95,98,1.25
271,Male,MV,2021-08-04 03:02:40,4.1748,73.5089,82.02,74,100,3.29
272,Sitka,US,2021-08-04 03:07:13,57.0531,-135.33,64.29,63,90,6.91
273,Tazovskiy,RU,2021-08-04 03:07:13,67.4667,78.7,55.87,95,100,5.84
274,Kurchum,KZ,2021-08-04 03:07:13,48.5722,83.6542,81.68,30,62,4.61
275,Charters Towers,AU,2021-08-04 03:07:14,-20.1,146.2667,73.69,22,32,17.81
276,Ewa Beach,US,2021-08-04 03:07:03,21.3156,-158.0072,87.75,51,1,12.66
277,Druzhba,UA,2021-08-04 03:07:14,52.0428,33.9453,56.07,79,6,4.74
278,Tilichiki,RU,2021-08-04 03:07:14,60.4667,166.1,48.56,56,96,6.29
279,Los Llanos De Aridane,ES,2021-08-04 03:07:15,28.6585,-17.9182,67.75,85,90,16.11
280,Sao Joao Da Barra,BR,2021-08-04 03:05:10,-21.6403,-41.0511,64.33,89,65,10.56
281,Igdir,TR,2021-08-04 03:07:15,39.9237,44.045,71.53,43,0,4.63
282,Russell,US,2021-08-04 03:03:32,32.3502,-85.1999,76.23,80,20,4.61
283,Scottsbluff,US,2021-08-04 03:07:15,41.8666,-103.6672,76.78,51,75,5.75
284,Mitzic,GA,2021-08-04 03:07:16,0.7821,11.549,68.32,93,100,4.03
285,Songjianghe,CN,2021-08-04 03:07:16,42.1859,127.479,79.16,52,100,10.25
286,Nara,JP,2021-08-04 03:07:17,34.6851,135.8049,94.32,48,91,1.45
287,Termoli,IT,2021-08-04 03:07:17,41.9888,14.9895,76.78,58,11,6.06
288,Touros,BR,2021-08-04 03:07:17,-5.1989,-35.4608,70.7,83,100,15.39
289,Lazaro Cardenas,MX,2021-08-04 03:07:18,17.9583,-102.2,81.5,83,80,2.59
290,Makakilo City,US,2021-08-04 03:07:18,21.3469,-158.0858,86.32,51,1,12.66
291,Na Wa,TH,2021-08-04 03:07:18,17.4897,104.1006,77.67,91,100,7.72
292,Mugur-Aksy,RU,2021-08-04 03:07:19,50.35,90.5,63.72,48,59,6.06
293,Ketchikan,US,2021-08-04 03:06:16,55.3422,-131.6461,61.27,94,90,11.5
294,San Rafael,AR,2021-08-04 03:07:19,-34.6177,-68.3301,54.55,31,0,2.91
295,Tasiilaq,GL,2021-08-04 03:04:12,65.6145,-37.6368,44.76,86,100,2.51
296,Ilulissat,GL,2021-08-04 03:07:19,69.2167,-51.1,42.82,87,44,0.0
297,Snasa,NO,2021-08-04 03:07:20,64.2457,12.3778,40.75,92,22,1.81
298,Bressanone,IT,2021-08-04 03:07:20,46.715,11.656,62.17,94,100,1.83
299,Port Hedland,AU,2021-08-04 03:07:20,-20.3167,118.5667,78.85,14,59,23.02
300,Reserva,BR,2021-08-04 03:07:21,-24.6503,-50.8506,43.93,90,30,3.13
301,Chufarovo,RU,2021-08-04 03:07:21,54.0963,47.3367,68.45,88,89,2.51
302,Afsin,TR,2021-08-04 03:07:22,38.2477,36.914,65.61,52,0,3.02
303,Mandalgovi,MN,2021-08-04 03:07:22,45.7625,106.2708,61.2,55,83,22.06
304,Ilovlya,RU,2021-08-04 03:07:22,49.3033,43.9796,76.3,66,98,10.27
305,Reconquista,AR,2021-08-04 03:07:22,-29.15,-59.65,49.19,75,0,6.96
306,Nabire,ID,2021-08-04 03:07:23,-3.3667,135.4833,78.01,88,98,0.92
307,Cabedelo,BR,2021-08-04 03:07:23,-6.9811,-34.8339,72.27,87,21,12.21
308,Lumphat,KH,2021-08-04 03:07:23,13.4878,106.9816,78.57,92,100,5.77
309,Kirando,TZ,2021-08-04 03:07:24,-7.4167,30.6,70.99,60,0,10.4
310,Srandakan,ID,2021-08-04 03:07:24,-7.9386,110.2506,82.13,75,66,11.88
311,The Valley,AI,2021-08-04 03:07:24,18.217,-63.0578,82.09,76,1,16.78
312,Meadow Lake,US,2021-08-04 03:02:25,34.8014,-106.5436,80.71,51,58,6.13
313,Danjiangkou,CN,2021-08-04 03:07:25,32.5428,111.5086,91.02,58,40,2.24
314,Vung Tau,VN,2021-08-04 03:07:25,10.346,107.0843,83.43,76,100,14.52
315,Nuuk,GL,2021-08-04 03:07:26,64.1835,-51.7216,47.01,93,90,10.36
316,Morant Bay,JM,2021-08-04 03:07:26,17.8815,-76.4093,77.63,85,83,6.42
317,Buriti,BR,2021-08-04 03:07:26,-22.9302,-45.3881,58.17,94,83,2.51
318,Beringovskiy,RU,2021-08-04 03:07:27,63.05,179.3167,49.42,74,63,14.41
319,Lorengau,PG,2021-08-04 03:04:44,-2.0226,147.2712,83.86,75,27,6.71
320,Havelock,US,2021-08-04 03:07:27,34.8791,-76.9013,72.93,97,100,7.0
321,Wewak,PG,2021-08-04 03:07:27,-3.5534,143.6268,85.1,70,8,6.44
322,Maningrida,AU,2021-08-04 03:07:28,-12.0667,134.2667,88.81,39,87,12.62
323,Svetlyy,RU,2021-08-04 03:07:28,54.675,20.1347,55.45,87,95,4.05
324,Jinxiang,CN,2021-08-04 03:07:28,27.4327,120.6062,79.52,91,100,4.43
325,Guerrero Negro,MX,2021-08-04 03:07:28,27.9769,-114.0611,74.03,76,4,14.07
326,Obukhiv,UA,2021-08-04 03:07:29,50.11,30.6227,65.48,73,2,3.94
327,Motala,SE,2021-08-04 03:07:29,58.5371,15.0365,49.8,64,84,3.02
328,Omboue,GA,2021-08-04 03:07:29,-1.5746,9.2618,75.16,85,70,7.23
329,Padang,ID,2021-08-04 03:07:30,-0.9492,100.3543,83.05,74,42,3.0
330,Zhangye,CN,2021-08-04 03:07:30,38.9342,100.4517,81.63,21,51,5.41
331,Tevriz,RU,2021-08-04 03:07:30,57.509,72.4042,61.72,88,93,6.55
332,Kingisepp,RU,2021-08-04 03:07:30,59.3733,28.6134,48.27,94,5,4.38
333,Altay,CN,2021-08-04 03:07:31,47.8667,88.1167,81.03,25,77,5.75
334,Carutapera,BR,2021-08-04 03:07:31,-1.195,-46.02,75.11,87,71,2.91
335,Tukrah,LY,2021-08-04 03:07:32,32.5341,20.5791,81.52,72,0,9.53
336,Ixtapa,MX,2021-08-04 03:05:37,20.7,-105.2,79.83,94,90,0.0
337,Kletskaya,RU,2021-08-04 03:07:32,49.3145,43.0584,72.61,74,95,8.16
338,Chicama,PE,2021-08-04 03:07:32,-7.8447,-79.1469,66.43,79,2,6.42
339,Hoyanger,NO,2021-08-04 03:07:33,61.2204,6.0749,51.19,90,100,2.55
340,Muyuka,CM,2021-08-04 03:07:33,4.2898,9.4103,73.42,96,99,1.05
341,Roanoke Rapids,US,2021-08-04 03:07:34,36.4615,-77.6542,70.38,96,100,7.29
342,Barra Do Bugres,BR,2021-08-04 03:07:34,-15.0725,-57.1811,71.26,42,91,3.06
343,Launceston,AU,2021-08-04 03:07:34,-41.45,147.1667,58.6,68,40,4.0
344,Port Loko,SL,2021-08-04 03:07:35,8.7667,-12.7833,73.06,88,100,2.13
345,Poso,ID,2021-08-04 03:07:35,-1.3959,120.7524,84.15,68,100,8.21
346,Lodwar,KE,2021-08-04 03:07:35,3.1191,35.5973,77.38,50,18,17.92
347,Mehamn,NO,2021-08-04 03:03:11,71.0357,27.8492,45.77,87,100,21.88
348,Gull Lake,CA,2021-08-04 03:07:36,50.1001,-108.4847,76.01,43,100,5.06
349,Nouadhibou,MR,2021-08-04 03:07:11,20.931,-17.0347,70.59,84,13,12.15
350,Mingaora,PK,2021-08-04 03:07:36,34.7758,72.3625,81.09,64,56,2.62
351,Porto Santo,PT,2021-08-04 03:07:36,33.072,-16.3415,70.3,68,40,11.5
352,Whitehorse,CA,2021-08-04 03:07:37,60.7161,-135.0538,69.31,40,72,8.99
353,Dicabisagan,PH,2021-08-04 03:07:37,17.0818,122.4157,91.09,59,99,10.07
354,Contamana,PE,2021-08-04 03:07:38,-7.3333,-75.0167,69.91,58,0,1.5
355,Chapais,CA,2021-08-04 03:02:46,49.7834,-74.8492,46.89,78,75,3.0
356,Vysoke,UA,2021-08-04 03:07:38,50.3833,29.5167,65.05,72,35,3.53
357,Attendorn,DE,2021-08-04 03:07:38,51.1265,7.9033,58.21,1,100,1.88
358,Barranca,PE,2021-08-04 03:07:39,-10.75,-77.7667,63.18,85,10,8.23
359,Awash,ET,2021-08-04 03:07:39,8.9833,40.1667,72.14,67,61,6.73
360,Kudahuvadhoo,MV,2021-08-04 03:05:38,2.6708,72.8944,82.11,72,100,3.78
361,Mogadishu,SO,2021-08-04 03:03:22,2.0371,45.3438,75.92,87,98,14.47
362,Grindavik,IS,2021-08-04 03:07:39,63.8424,-22.4338,52.56,100,75,5.75
363,Seymchan,RU,2021-08-04 03:07:40,62.8833,152.4333,51.13,42,99,25.43
364,College,US,2021-08-04 03:07:40,64.8569,-147.8028,85.98,45,40,13.8
365,Puerto Del Rosario,ES,2021-08-04 03:07:41,28.5004,-13.8627,71.35,64,10,17.27
366,Emerald,AU,2021-08-04 03:07:41,-23.5333,148.1667,69.35,26,25,8.16
367,Santa Fe,AR,2021-08-04 03:07:41,-31.6333,-60.7,55.99,59,100,1.01
368,San Miguel De Cauri,PE,2021-08-04 03:07:42,-10.1,-76.5833,41.74,84,80,4.47
369,Sunndalsora,NO,2021-08-04 03:07:42,62.6754,8.5515,50.65,84,54,2.66
370,Deputatskiy,RU,2021-08-04 03:07:42,69.3,139.9,56.25,31,14,13.96
371,Santa Cruz De Tenerife,ES,2021-08-04 03:07:42,28.4682,-16.2546,72.21,88,90,3.0
372,Buritis,BR,2021-08-04 03:07:43,-15.6178,-46.4233,66.31,50,44,1.41
373,Harrogate,GB,2021-08-04 03:07:43,53.9908,-1.5373,55.96,69,99,0.89
374,Altus,US,2021-08-04 03:07:44,34.6381,-99.334,75.27,53,1,8.05
375,Kloulklubed,PW,2021-08-04 03:07:44,7.0419,134.2556,81.1,75,42,7.63
376,Eyl,SO,2021-08-04 03:07:44,7.9803,49.8164,79.27,64,23,24.09
377,Birin,NP,2021-08-04 03:07:45,26.8865,88.0718,65.98,92,100,3.83
378,Longyearbyen,SJ,2021-08-04 03:07:45,78.2186,15.6401,46.24,71,75,21.85
379,Mulege,MX,2021-08-04 03:07:45,26.8833,-111.9833,90.28,54,13,3.13
380,Tricase,IT,2021-08-04 03:07:46,39.9304,18.3553,76.32,68,5,6.53
381,Mirnyy,RU,2021-08-04 03:07:46,62.5353,113.9611,74.79,47,96,12.57
382,Diffa,NE,2021-08-04 03:07:47,13.3154,12.6113,80.76,67,82,7.47
383,Hami,CN,2021-08-04 03:07:47,42.8,93.45,88.83,13,60,2.51
384,Brae,GB,2021-08-04 03:07:47,60.3964,-1.353,55.31,94,100,6.51
385,Salalah,OM,2021-08-04 03:05:08,17.0151,54.0924,78.89,94,75,5.75
386,Marawi,PH,2021-08-04 03:07:48,7.9986,124.2928,82.65,52,75,6.02
387,Altyn-Topkan,TJ,2021-08-04 03:07:48,40.6528,69.5998,68.47,24,24,3.33
388,Rio Grande,BR,2021-08-04 03:07:48,-32.035,-52.0986,51.94,92,9,1.19
389,Aswan,EG,2021-08-04 03:07:48,24.0934,32.907,88.81,16,33,4.9
390,La Seyne-Sur-Mer,FR,2021-08-04 03:07:49,43.0982,5.8847,72.45,70,100,1.01
391,Sampit,ID,2021-08-04 03:07:12,-2.5333,112.95,88.48,55,92,3.69
392,Hamilton,US,2021-08-04 03:07:49,39.1834,-84.5333,69.04,75,1,0.0
393,Trelew,AR,2021-08-04 03:07:49,-43.249,-65.3051,50.68,46,100,16.28
394,Penzance,GB,2021-08-04 03:07:50,50.1186,-5.5371,56.41,83,42,4.81
395,Labuhan,ID,2021-08-04 03:07:50,-6.8844,112.2051,85.08,64,8,3.56
396,Ekimchan,RU,2021-08-04 03:07:50,53.0667,132.9667,54.54,99,100,4.47
397,Berdigestyakh,RU,2021-08-04 03:07:51,62.0989,126.6992,77.59,31,45,10.2
398,Cedartown,US,2021-08-04 03:07:51,34.0537,-85.255,72.7,90,35,2.44
399,Evensk,RU,2021-08-04 03:07:51,61.95,159.2333,51.44,58,100,0.25
400,Kahului,US,2021-08-04 03:05:00,20.8947,-156.47,83.46,79,40,27.63
401,Nueva Loja,EC,2021-08-04 03:07:52,0.0847,-76.8828,67.53,99,98,2.68
402,Lunino,RU,2021-08-04 03:07:52,53.5918,45.2271,64.02,98,100,1.57
403,Vanavara,RU,2021-08-04 03:07:52,60.34,102.2797,76.96,43,30,4.36
404,Wichian Buri,TH,2021-08-04 03:07:53,15.6578,101.106,80.13,82,92,7.25
405,Maryville,US,2021-08-04 03:06:15,35.7565,-83.9705,74.14,88,75,1.99
406,Haverfordwest,GB,2021-08-04 03:07:53,51.8017,-4.9691,55.35,84,100,2.28
407,Villa Union,MX,2021-08-04 03:07:54,23.2,-106.2333,85.01,89,75,0.0
408,Ucluelet,CA,2021-08-04 03:07:54,48.9329,-125.5528,81.09,89,77,1.01
409,Erdenet,MN,2021-08-04 03:07:54,49.0333,104.0833,62.65,62,98,6.89
410,Firovo,RU,2021-08-04 03:07:55,57.4814,33.7021,50.23,90,2,4.03
411,Nanortalik,GL,2021-08-04 03:07:55,60.1432,-45.2371,44.19,97,100,4.59
412,Arvi,IN,2021-08-04 03:07:56,20.9833,78.2333,80.38,74,100,17.05
413,Surt,LY,2021-08-04 03:05:54,31.2089,16.5887,81.99,77,0,5.41
414,Bomi,SL,2021-08-04 03:07:56,7.2461,-11.5258,71.74,90,97,2.39
415,Ahuimanu,US,2021-08-04 03:07:56,21.4447,-157.8378,87.51,60,20,16.11
416,Zhezkazgan,KZ,2021-08-04 03:07:57,47.8043,67.7144,80.49,31,17,12.82
417,Acarau,BR,2021-08-04 03:07:57,-2.8856,-40.12,77.13,83,71,7.07
418,Sinjai,ID,2021-08-04 03:07:58,-5.1241,120.253,83.97,67,100,9.44
419,Roald,NO,2021-08-04 03:07:58,62.5833,6.1333,55.17,87,90,3.44
420,Mayo,US,2021-08-04 03:07:58,38.8876,-76.5119,72.95,86,100,1.99
421,Almora,IN,2021-08-04 03:07:58,29.6167,79.6667,71.92,84,47,2.33
422,Cairns,AU,2021-08-04 03:07:59,-16.9167,145.7667,87.94,57,75,5.75
423,Elizabeth City,US,2021-08-04 03:07:59,36.2946,-76.2511,72.0,96,90,9.22
424,Kysyl-Syr,RU,2021-08-04 03:07:59,63.8986,122.7617,81.14,32,1,9.82
425,Sorong,ID,2021-08-04 03:08:00,-0.8833,131.25,82.09,78,61,3.89
426,Novikovo,RU,2021-08-04 03:08:00,51.1537,37.8879,61.43,78,2,3.6
427,Phuket,TH,2021-08-04 03:08:01,8.0,98.25,86.09,79,20,16.11
428,Hay River,CA,2021-08-04 03:07:29,60.8156,-115.7999,51.89,87,100,4.72
429,Timmins,CA,2021-08-04 03:04:28,48.4669,-81.3331,53.47,69,32,3.24
430,Awjilah,LY,2021-08-04 03:08:01,29.1081,21.2869,85.3,29,0,8.19
431,Vanimo,PG,2021-08-04 03:04:46,-2.6741,141.3028,85.33,69,19,6.44
432,Bay Roberts,CA,2021-08-04 03:08:02,47.5999,-53.2648,62.44,92,73,5.99
433,Prainha,BR,2021-08-04 03:08:02,-1.8,-53.48,74.62,69,98,2.13
434,Solnechnyy,RU,2021-08-04 03:08:02,50.7214,136.6319,56.23,98,100,5.46
435,Tarija,BO,2021-08-04 03:08:03,-21.5355,-64.7296,50.11,81,100,3.49
436,Macau,MO,2021-08-04 03:08:03,22.2006,113.5461,90.72,70,40,11.5
437,Clarksburg,US,2021-08-04 03:08:04,39.2807,-80.3445,68.45,89,20,0.0
438,Agadir,MA,2021-08-04 03:08:04,30.4202,-9.5982,64.85,89,2,3.71
439,Tezu,IN,2021-08-04 03:08:04,27.9167,96.1667,90.14,59,41,3.18
440,Iqaluit,CA,2021-08-04 03:04:26,63.7506,-68.5145,43.7,87,99,15.01
441,Veshenskaya,RU,2021-08-04 03:08:05,49.6303,41.7334,68.86,86,79,5.32
442,Lavrentiya,RU,2021-08-04 03:08:05,65.5833,-171.0,48.02,96,100,5.93
443,Airai,TL,2021-08-04 03:04:46,-8.9266,125.4092,75.31,41,100,4.92
444,Basco,PH,2021-08-04 03:08:06,20.4487,121.9702,82.83,86,100,31.21
445,Pevek,RU,2021-08-04 03:05:53,69.7008,170.3133,36.64,93,100,3.67
446,Bilibino,RU,2021-08-04 03:08:06,68.0546,166.4372,37.27,98,100,6.04
447,Fukue,JP,2021-08-04 03:08:06,32.6881,128.8419,83.3,73,41,8.9
448,Ginda,IN,2021-08-04 03:08:07,30.6945,78.4932,70.45,86,82,0.96
449,Kuytun,RU,2021-08-04 03:08:07,54.3419,101.5036,69.62,59,100,4.83
450,Fort Nelson,CA,2021-08-04 03:08:07,58.8053,-122.7002,70.38,69,74,9.62
451,Saint-Louis,SN,2021-08-04 03:08:08,16.3333,-15.0,80.22,79,72,13.06
452,Udachnyy,RU,2021-08-04 03:08:08,66.4167,112.4,75.51,38,19,14.63
453,Bela,IN,2021-08-04 03:08:08,25.9333,81.9833,83.7,71,90,9.15
454,Troitskoye,RU,2021-08-04 03:08:09,52.9821,84.6757,67.55,80,100,5.73
455,Acapulco,MX,2021-08-04 03:05:50,16.8634,-99.8901,82.13,82,88,6.87
456,Pangai,TO,2021-08-04 03:08:09,-19.8,-174.35,73.31,61,73,10.02
457,San Quintin,MX,2021-08-04 03:08:09,30.4833,-115.95,70.74,77,2,14.34
458,Necochea,AR,2021-08-04 03:08:10,-38.5473,-58.7368,48.04,72,100,6.67
459,La Ligua,CL,2021-08-04 03:08:10,-32.4524,-71.2311,44.38,72,0,0.96
460,Chipinge,ZW,2021-08-04 03:08:10,-20.1883,32.6236,47.5,94,3,3.53
461,San Lawrenz,MT,2021-08-04 03:08:11,36.0553,14.204,80.85,74,0,1.01
462,Dunedin,NZ,2021-08-04 03:04:52,-45.8742,170.5036,48.79,47,78,14.0
463,Vieira De Leiria,PT,2021-08-04 03:08:11,39.8695,-8.9324,66.67,94,100,5.95
464,Husavik,IS,2021-08-04 03:08:11,66.0449,-17.3389,51.58,83,96,0.85
465,Edeia,BR,2021-08-04 03:08:12,-17.3383,-49.9314,67.73,47,43,5.7
466,Cap-Aux-Meules,CA,2021-08-04 03:08:12,47.3821,-61.8597,64.76,76,100,28.52
467,Kalmar,SE,2021-08-04 03:08:12,56.6616,16.3616,54.97,95,40,0.0
468,Mwanza,TZ,2021-08-04 03:08:13,-2.5167,32.9,68.76,61,37,7.27
469,Cayenne,GF,2021-08-04 03:04:27,4.9333,-52.3333,81.09,85,75,1.01
470,Pontiac,US,2021-08-04 03:04:57,42.6389,-83.2911,67.91,80,40,0.0
471,Klaksvik,FO,2021-08-04 03:08:13,62.2266,-6.589,50.92,88,100,5.53
472,Pavlovka,RU,2021-08-04 03:08:14,52.6897,47.1405,69.82,77,96,7.76
473,Champerico,GT,2021-08-04 03:08:14,14.3,-91.9167,83.03,85,100,8.88
474,Santiago De Chuco,PE,2021-08-04 03:08:14,-8.15,-78.1833,50.4,63,0,5.12
475,Sarkand,KZ,2021-08-04 03:08:14,45.41,79.9186,85.55,18,100,5.82
476,Haines Junction,CA,2021-08-04 03:08:15,60.7522,-137.5108,69.96,42,79,1.77
477,Tuatapere,NZ,2021-08-04 03:08:15,-46.1333,167.6833,46.81,61,100,2.77
478,Hambantota,LK,2021-08-04 03:08:16,6.1241,81.1185,82.74,89,20,13.8
479,Abha,SA,2021-08-04 03:08:16,18.2164,42.5053,61.05,82,0,0.0
480,Puerto Colombia,CO,2021-08-04 03:08:16,10.9878,-74.9547,78.89,81,100,6.62
481,Gari,RU,2021-08-04 03:08:17,59.4307,62.3497,68.41,63,80,5.75
482,Portland,US,2021-08-04 03:05:21,45.5234,-122.6762,86.45,42,20,1.01
483,Saint-Michel-Des-Saints,CA,2021-08-04 03:05:33,46.6834,-73.9159,61.93,98,30,2.91
484,Ambunti,PG,2021-08-04 03:08:17,-4.2365,142.8448,90.82,56,50,0.72
485,Przhevalskoye,RU,2021-08-04 03:08:18,55.5093,31.8482,51.94,92,24,3.83
486,Gornyy,RU,2021-08-04 03:08:18,55.1153,83.9059,66.79,69,100,4.21
487,Krasni Okny,UA,2021-08-04 03:08:18,47.5404,29.46,63.88,68,2,4.83
488,Sayyan,YE,2021-08-04 03:08:19,15.1718,44.3244,61.32,74,11,5.03
489,Ryotsu,JP,2021-08-04 03:08:19,38.0833,138.4333,87.87,68,16,1.07
490,Starachowice,PL,2021-08-04 03:08:19,51.0374,21.0713,59.41,92,58,4.45
491,Vila,PT,2021-08-04 03:08:20,42.0304,-8.1588,58.93,93,100,2.62
492,Salta,AR,2021-08-04 03:08:20,-24.7859,-65.4117,53.58,61,65,1.99
493,Tucuma,BR,2021-08-04 03:08:20,-0.1833,-50.05,76.19,87,99,3.74
494,Jumla,NP,2021-08-04 03:08:20,29.2747,82.1838,69.91,78,100,2.28
495,Auki,SB,2021-08-04 03:08:21,-8.7676,160.7034,81.41,78,51,5.97
496,Las Juntas,MX,2021-08-04 03:08:21,19.4167,-104.7,75.72,94,100,2.51
497,Iquique,CL,2021-08-04 03:07:27,-20.2208,-70.1431,59.04,70,41,5.1
498,Fortuna,US,2021-08-04 03:08:22,40.5982,-124.1573,57.85,73,90,3.0
499,Pacific Grove,US,2021-08-04 03:08:22,36.6177,-121.9166,72.0,88,75,5.01
500,Eldoret,KE,2021-08-04 03:08:22,0.5204,35.2699,53.85,86,65,4.16
501,Maarianhamina,AX,2021-08-04 03:08:22,60.0973,19.9348,60.3,62,98,10.45
502,Chongwe,ZM,2021-08-04 03:08:23,-15.3292,28.682,50.23,57,0,5.41
503,Sabha,LY,2021-08-04 03:08:23,27.0377,14.4283,85.24,22,0,11.39
504,Turukhansk,RU,2021-08-04 03:08:23,65.8167,87.9833,71.92,57,8,8.99
505,Effingham,US,2021-08-04 03:06:03,32.3669,-81.3332,75.83,92,100,5.21
506,Doka,SD,2021-08-04 03:08:24,13.5167,35.7667,71.28,79,100,3.44
507,Vostok,RU,2021-08-04 03:08:24,46.4856,135.8833,74.21,87,100,4.16
508,Pilna,RU,2021-08-04 03:08:24,55.5539,45.9219,66.18,85,100,3.31
509,Anadyr,RU,2021-08-04 03:08:25,64.75,177.4833,48.7,81,75,20.0
510,Ukholovo,RU,2021-08-04 03:08:25,53.7929,40.4892,62.26,72,100,5.88
511,Whitley Bay,GB,2021-08-04 03:08:25,55.0397,-1.4471,54.19,94,36,4.61
512,Waipawa,NZ,2021-08-04 03:08:25,-41.4122,175.5153,49.3,63,3,9.8
513,Kwekwe,ZW,2021-08-04 03:08:26,-18.9281,29.8149,45.73,85,0,5.41
514,Kenai,US,2021-08-04 03:08:26,60.5544,-151.2583,66.02,76,20,16.11
515,Manggar,ID,2021-08-04 03:08:26,-2.8833,108.2667,85.42,68,66,12.97
516,Krasnoselkup,RU,2021-08-04 03:08:27,65.7,82.4667,67.39,72,15,7.23
517,Ulagan,RU,2021-08-04 03:08:27,50.6321,87.9563,70.02,53,90,0.22
518,Aquiraz,BR,2021-08-04 03:08:27,-3.9014,-38.3911,80.69,81,58,12.21
519,Virbalis,LT,2021-08-04 03:08:28,54.6267,22.8169,52.54,86,98,2.39
520,Limbang,MY,2021-08-04 03:08:28,4.75,115.0,89.71,49,95,3.29
521,Quatis,BR,2021-08-04 03:08:28,-22.4072,-44.2581,56.66,95,91,2.51
522,Ternate,ID,2021-08-04 03:08:29,0.8,127.4,84.24,72,95,6.42
523,Grandview,US,2021-08-04 03:07:38,38.8858,-94.533,71.55,75,1,0.0
524,Mayor Pablo Lagerenza,PY,2021-08-04 03:08:29,-19.9309,-60.7718,65.93,44,96,5.59
525,Lamont,US,2021-08-04 03:08:29,35.2597,-118.9143,97.07,22,0,5.91
526,Nieuw Amsterdam,SR,2021-08-04 03:08:30,5.8833,-55.0833,78.03,90,33,5.17
527,Marsabit,KE,2021-08-04 03:04:38,2.3284,37.9899,58.6,68,53,18.16
528,Langsa,ID,2021-08-04 03:05:45,4.4683,97.9683,86.5,62,90,3.02
529,San Ramon,US,2021-08-04 03:08:30,37.7799,-121.978,81.37,67,1,8.05
530,Winnemucca,US,2021-08-04 03:08:30,40.973,-117.7357,91.45,15,1,3.44
531,Esso,RU,2021-08-04 03:08:31,55.9333,158.7,49.33,59,100,9.73
532,Masvingo,ZW,2021-08-04 03:08:31,-20.0637,30.8277,49.05,79,0,3.67
533,Itaituba,BR,2021-08-04 03:08:31,-4.2761,-55.9836,78.24,64,100,0.63
534,Srednekolymsk,RU,2021-08-04 03:08:32,67.45,153.6833,39.42,93,100,18.79
535,Severo-Yeniseyskiy,RU,2021-08-04 03:08:32,60.3725,93.0408,66.7,57,97,2.06
536,Henties Bay,NA,2021-08-04 03:08:32,-22.116,14.2845,59.86,82,0,5.93
537,Fort-Shevchenko,KZ,2021-08-04 03:08:33,44.5086,50.263,86.7,39,96,2.95
538,Namtsy,RU,2021-08-04 03:08:33,62.7161,129.6658,75.31,32,42,4.88
539,Puerto Escondido,MX,2021-08-04 03:08:33,15.85,-97.0667,83.23,69,90,0.0
540,Kutum,SD,2021-08-04 03:05:48,14.2,24.6667,70.7,77,54,10.02
541,Atasu,KZ,2021-08-04 03:08:34,48.6814,71.6433,76.78,36,63,8.81
542,Turan,VN,2021-08-04 03:08:34,16.0678,108.2208,95.05,43,75,10.36
543,Harper,LR,2021-08-04 03:08:35,4.375,-7.7169,75.78,83,76,5.93
544,Ahipara,NZ,2021-08-04 03:08:35,-35.1667,173.1667,56.59,64,97,5.79
545,Laurinburg,US,2021-08-04 03:08:35,34.7741,-79.4628,71.22,92,90,8.05
546,Nelson,NZ,2021-08-04 03:08:36,-41.2833,173.2833,54.28,65,6,3.0
547,Vao,NC,2021-08-04 03:08:36,-22.6667,167.4833,68.97,71,0,6.71
548,Akdepe,TM,2021-08-04 03:08:36,42.0551,59.3788,82.49,33,3,10.92
549,Gustavo Diaz Ordaz,MX,2021-08-04 03:08:37,26.2333,-98.5833,80.49,58,31,11.79
550,Bridlington,GB,2021-08-04 03:08:37,54.0831,-0.1919,57.88,90,94,9.71
551,Egvekinot,RU,2021-08-04 03:05:08,66.3167,-179.1667,45.25,99,100,3.85
552,Akyab,MM,2021-08-04 03:06:40,20.15,92.9,78.98,91,98,12.5
553,Iquitos,PE,2021-08-04 03:08:37,-3.7481,-73.2472,71.64,88,40,0.0
554,Inirida,CO,2021-08-04 03:08:38,3.8653,-67.9239,71.06,97,100,1.39
555,Yemelyanovo,RU,2021-08-04 03:08:38,56.1681,92.6767,63.41,100,20,4.47
556,Narasannapeta,IN,2021-08-04 03:08:38,18.4167,84.05,87.89,59,93,6.64
557,Veraval,IN,2021-08-04 03:08:39,20.9,70.3667,81.7,86,100,20.22
558,Umm Lajj,SA,2021-08-04 03:08:39,25.0213,37.2685,91.51,49,57,7.4
559,Abu Dhabi,AE,2021-08-04 03:08:39,24.4667,54.3667,91.51,70,0,4.61
560,Callaway,US,2021-08-04 03:08:39,30.153,-85.5699,77.0,93,75,3.44
561,Hobyo,SO,2021-08-04 03:06:38,5.3505,48.5268,76.96,79,82,20.27
562,Broken Hill,AU,2021-08-04 03:08:40,-31.95,141.4333,57.18,52,13,17.11
563,Dali,CN,2021-08-04 03:08:40,25.7,100.1833,75.47,57,0,1.01
564,Ferme-Neuve,CA,2021-08-04 03:08:40,46.7001,-75.4493,60.64,98,95,1.57
565,Louveira,BR,2021-08-04 03:08:41,-23.0864,-46.9506,57.07,90,100,11.1
566,Sedniv,UA,2021-08-04 03:08:41,51.6447,31.565,60.24,65,79,3.74
567,Agbor,NG,2021-08-04 03:08:41,6.2518,6.1934,71.89,98,90,3.2
568,La Ronge,CA,2021-08-04 03:08:42,55.1001,-105.2842,60.85,96,100,3.53
569,Arlit,NE,2021-08-04 03:08:42,18.7369,7.3853,94.41,22,39,8.16
570,Miguel Alves,BR,2021-08-04 03:08:42,-4.1656,-42.8953,72.34,56,26,3.49
571,Panuco,MX,2021-08-04 03:08:43,22.05,-98.1667,84.38,79,100,8.01
572,Utete,TZ,2021-08-04 03:08:43,-7.986,38.758,66.06,96,15,1.32
573,Jeannette,US,2021-08-04 03:08:43,40.3281,-79.6153,70.45,77,40,3.44
574,Coahuayana,MX,2021-08-04 03:08:43,18.7333,-103.6833,79.97,88,99,2.04
575,Kedrovyy,RU,2021-08-04 03:08:44,56.1667,91.8167,61.21,64,97,2.06
576,Pundaguitan,PH,2021-08-04 03:08:44,6.3711,126.1689,84.2,69,97,3.4
577,Dwarka,IN,2021-08-04 03:06:29,22.2394,68.9678,81.97,81,100,21.9
578,Ovalle,CL,2021-08-04 03:08:44,-30.5983,-71.2003,56.3,77,0,1.5
579,Iskateley,RU,2021-08-04 03:08:45,67.6803,53.1512,66.02,77,90,14.5
580,Waddan,LY,2021-08-04 03:08:45,29.1614,16.139,83.12,34,0,3.87
581,Nizwa,OM,2021-08-04 03:08:45,22.9333,57.5333,90.84,36,4,0.31
